frequency_hz,total_psd_db_per_hz,broadband_psd_db_per_hz,tonal_psd_db_per_hz,bin_width_hz,total_db,broadband_db,tonal_db
25,18.23111464,18.23111464,-120,0.6553726196,16.39599757,16.39599757,-121.8351171
25.66401863,16.82710818,16.82710818,-120,0.6727790833,15.10583298,15.10583298,-121.7212752
26.34567642,16.76575651,16.76575651,-120,0.6906509399,15.15834258,15.15834258,-121.6074139
27.04543686,16.92508686,16.92508686,-120,0.7089920044,15.43150023,15.43150023,-121.4935866
27.76378441,16.91000804,16.91000804,-120,0.7278270721,15.5302901,15.5302901,-121.3797179
28.50121307,16.20889875,16.20889875,-120,0.7471561432,14.94301246,14.94301246,-121.2658863
29.25822639,15.89018638,15.89018638,-120,0.7670021057,14.73815195,14.73815195,-121.1520344
30.03534889,15.75957671,15.75957671,-120,0.7873744965,14.72139014,14.72139014,-121.0381866
30.83311081,15.81083555,15.81083555,-120,0.8082866669,14.8864897,14.8864897,-120.9243459
31.65206146,15.31431947,15.31431947,-120,0.8297538757,14.50381237,14.50381237,-120.8105071
32.49276352,14.35084665,14.35084665,-120,0.8517951965,13.65419852,13.65419852,-120.6966481
33.35579681,13.67554373,13.67554373,-120,0.874420166,13.09274538,13.09274538,-120.5827984
34.24175262,13.28324071,13.28324071,-120,0.897644043,12.81428224,12.81428224,-120.4689585
35.1512413,12.71521159,12.71521159,-120,0.9214897156,12.36011651,12.36011651,-120.3550951
36.08488464,11.55127516,11.55127516,-120,0.9459609985,11.31000747,11.31000747,-120.2412677
37.04332733,10.82037405,10.82037405,-120,0.9710884094,10.69296176,10.69296176,-120.1274123
38.02722931,10.18919887,10.18919887,-120,0.9968795776,10.17562586,10.17562586,-120.013573
39.03726196,10.5797291,10.5797291,-120,1.023357391,10.68000241,10.68000241,-119.8997267
40.07411957,10.62162223,10.62162223,-120,1.050540924,10.83575198,10.83575198,-119.7858702
41.13851929,10.25371989,10.25371989,-120,1.07844162,10.58168629,10.58168629,-119.6720336
42.23119354,10.06707554,10.06707554,-120,1.107089996,10.5089048,10.5089048,-119.5581707
43.3528862,10.39830954,10.39830954,-120,1.136489868,10.95396522,10.95396522,-119.4443443
44.50437164,10.85697456,10.85697456,-120,1.166679382,11.52648979,11.52648979,-119.3304848
45.68644333,11.12698442,11.12698442,-120,1.197666168,11.91034224,11.91034224,-119.2166422
46.89990997,11.19441319,11.19441319,-120,1.229476929,12.09161702,12.09161702,-119.1027962
48.14560699,11.62269565,11.62269565,-120,1.262134552,12.63375221,12.63375221,-118.9889434
49.4243927,11.37777233,11.37777233,-120,1.295654297,12.50266373,12.50266373,-118.8751086
50.73714447,19.82427793,19.82427793,-120,1.330070496,21.06302453,21.06302453,-118.7612534
52.08476257,20.58438782,20.58438782,-120,1.365398407,21.93698173,21.93698173,-118.6474061
53.46817398,19.20317362,19.20317362,-120,1.401664734,20.66961508,20.66961508,-118.5335585
54.88832855,19.50791775,19.50791775,-120,1.438892365,21.08820083,21.08820083,-118.4197169
56.34620667,19.55622112,19.55622112,-120,1.477108002,21.25034363,21.25034363,-118.3058775
57.84280396,19.06254854,19.06254854,-120,1.516345978,20.87053158,20.87053158,-118.192017
59.37915421,18.3584452,18.3584452,-120,1.556617737,20.28026495,20.28026495,-118.0781803
60.95631027,17.63296445,17.63296445,-120,1.59796524,19.66863774,19.66863774,-117.9643267
62.57535934,16.66187343,16.66187343,-120,1.640411377,18.81140116,18.81140116,-117.8504723
64.2374115,16.2083101,16.2083101,-120,1.68397522,18.47166707,18.47166707,-117.736643
65.94360352,16.83169136,16.83169136,-120,1.72870636,19.20890366,19.20890366,-117.6227877
67.69511414,16.85459033,16.85459033,-120,1.774620056,19.34564418,19.34564418,-117.5089461
69.4931488,16.36735628,16.36735628,-120,1.821754456,18.97225468,18.97225468,-117.3951016
71.33894348,16.22127681,16.22127681,-120,1.870147705,18.9400359,18.9400359,-117.2812409
73.23376465,16.51848334,16.51848334,-120,1.919822693,19.35109455,19.35109455,-117.1673888
75.1789093,16.12857854,16.12857854,-120,1.970802307,19.07500916,19.07500916,-117.0535694
77.17572021,14.5761362,14.5761362,-120,2.023155212,17.63642823,17.63642823,-116.939708
79.22556305,14.20660407,14.20660407,-120,2.076889038,17.38073701,17.38073701,-116.8258671
81.32985687,14.37698863,14.37698863,-120,2.13205719,17.66497713,17.66497713,-116.7120115
83.49004364,14.02535937,14.02535937,-120,2.188690186,17.42720228,17.42720228,-116.5981571
85.70760345,14.00908414,14.00908414,-120,2.246810913,17.52474938,17.52474938,-116.4843348
87.98406219,14.47034843,14.47034843,-120,2.306495667,18.09987486,18.09987486,-116.3704736
90.32098389,13.47118407,13.47118407,-120,2.367759705,17.21456033,17.21456033,-116.2566237
92.71998596,13.72151078,13.72151078,-120,2.430641174,17.57871929,17.57871929,-116.1427915
95.18269348,14.27689096,14.27689096,-120,2.49520874,18.24795979,18.24795979,-116.0289312
97.71082306,13.82107885,13.82107885,-120,2.561477661,17.90598458,17.90598458,-115.9150943
100.3060989,12.45911553,12.45911553,-120,2.629516602,16.6578747,16.6578747,-115.8012408
102.9703064,12.231341,12.231341,-120,2.699356079,16.54394277,16.54394277,-115.6873982
105.7052765,11.59379977,11.59379977,-120,2.771057129,16.02025457,16.02025457,-115.5735452
108.5128937,11.04510741,11.04510741,-120,2.844657898,15.58540786,15.58540786,-115.4596995
111.3950806,11.41148234,11.41148234,-120,2.920211792,16.06562584,16.06562584,-115.3458565
114.3538208,12.74649215,12.74649215,-120,2.997779846,17.51448951,17.51448951,-115.2320026
117.3911438,47.22987969,13.05143322,47.22822002,3.077392578,52.11170871,17.93326224,52.11004904
120.5091476,50.74266463,14.68264835,50.74158857,3.159141541,55.73835547,19.67833919,55.73727941
123.7099609,64.18019128,13.19826884,64.18015664,3.243041992,69.28971701,18.30779457,69.28968236
126.9957962,73.48524574,13.88382801,73.48524098,3.329185486,78.70862567,19.10720794,78.70862091
130.3688965,70.94583834,14.46006803,70.94582858,3.417602539,76.28305388,19.79728356,76.28304412
133.831604,57.56787721,13.56855238,57.56770429,3.508392334,63.01895875,19.01963391,63.01878582
137.3862762,48.28119567,13.40671115,48.27978181,3.6015625,53.84610523,18.97162071,53.84469137
141.0353546,14.22832205,14.22832205,-120,3.697235107,19.90709273,19.90709273,-114.3212293
144.7813721,15.14781565,15.14781565,-120,3.795440674,20.94043772,20.94043772,-114.2073779
148.6268768,14.01479598,14.01479598,-120,3.896240234,19.92125325,19.92125325,-114.0935427
152.5745239,12.11596167,12.11596167,-120,3.999725342,18.13626336,18.13626336,-113.9796983
156.6270142,11.07414809,11.07414809,-120,4.105957031,17.20829209,17.20829209,-113.865856
160.7871552,10.5627631,10.5627631,-120,4.215026855,16.81076656,16.81076656,-113.7519965
165.057785,18.62517752,18.62517752,-120,4.326980591,24.98702699,24.98702699,-113.6381505
169.4418488,18.69757994,18.69757994,-120,4.441894531,25.17326236,25.17326236,-113.5243176
173.9423523,18.30047972,18.30047972,-120,4.559875488,24.89000956,24.89000956,-113.4104702
178.5623932,19.65933768,19.65933768,-120,4.680999756,26.36272386,26.36272386,-113.2966138
183.3051453,20.22047556,20.22047556,-120,4.805328369,27.03770626,27.03770626,-113.1827693
188.1738739,19.55177475,19.55177475,-120,4.93296814,26.48285786,26.48285786,-113.0689169
193.1719208,18.62169944,18.62169944,-120,5.063980103,25.66661935,25.66661935,-112.9550801
198.3027191,21.15643936,21.15643936,-120,5.198486328,28.31520842,28.31520842,-112.8412309
203.5697937,21.35510742,21.35510742,-120,5.33656311,28.62772391,28.62772391,-112.7273835
208.9767609,19.04073951,19.04073951,-120,5.478317261,26.42721131,26.42721131,-112.6135282
214.527359,17.10171037,17.10171037,-120,5.623809814,24.60201663,24.60201663,-112.4996937
220.2253571,16.15463834,16.15463834,-120,5.773193359,23.76879937,23.76879937,-112.385839
226.0747223,15.93121562,15.93121562,-120,5.926528931,23.65921971,23.65921971,-112.2719959
232.0794373,38.19211964,15.36336668,38.16941872,6.083938599,46.03396786,23.20521491,46.01126694
238.2436523,40.9237459,15.66957369,40.91077364,6.245544434,48.87944892,23.62527671,48.86647667
244.5715942,51.22858393,15.73409541,51.22735819,6.411422729,59.29812805,23.80363953,59.29690232
251.0675964,62.41493959,15.71050069,62.41484683,6.581710815,70.59832756,23.89388866,70.5982348
257.736145,64.67242004,14.89838919,64.67237429,6.756515503,72.96964782,23.19561696,72.96960207
264.5818176,57.31750534,15.49733303,57.31721972,6.936004639,65.72859909,23.90842678,65.72831347
271.609314,43.85875735,16.07207919,43.85152169,7.12020874,52.38368461,24.59700645,52.37644895
278.8234863,38.56933462,15.96910172,38.54540383,7.309356689,47.20812618,24.60789327,47.18419539
286.229248,16.28243542,16.28243542,-120,7.503479004,25.03506214,25.03506214,-111.2473733
293.8317261,15.94216661,15.94216661,-120,7.702758789,24.80862959,24.80862959,-111.133537
301.6361084,15.11230168,15.11230168,-120,7.907348633,24.09261056,24.09261056,-111.0196911
309.6477966,14.38609611,14.38609611,-120,8.117401123,23.48026618,23.48026618,-110.9058299
317.8722839,13.5448641,13.5448641,-120,8.332977295,22.75286609,22.75286609,-110.791998
326.3152161,12.09087526,12.09087526,-120,8.554351807,21.41274633,21.41274633,-110.6781289
334.9824219,12.32747862,12.32747862,-120,8.781524658,21.76317787,21.76317787,-110.5643007
343.8797913,21.59709086,12.74662048,20.99077276,9.014770508,31.14663762,22.29616723,30.54031951
353.0135193,23.59711084,13.00046954,23.20103965,9.254241943,33.26051933,22.66387803,32.86444815
362.3898315,29.84060869,13.54911764,29.73738337,9.500030518,39.6178587,23.32636765,39.51463337
372.0151978,42.18113839,12.81863509,42.17610587,9.752349854,52.07223112,22.70972782,52.0671986
381.8962097,48.1262537,12.43346012,48.12508268,10.01135254,58.13118125,22.43838767,58.13001023
392.0396729,45.49292763,19.74378556,45.48135456,10.27728271,55.61171067,29.86256859,55.6001376
402.4525452,35.07615135,21.6667549,34.87341002,10.55026245,45.30878399,31.89938753,45.10604265
413.1419983,24.89084579,17.1489419,24.09106807,10.83047485,35.23732077,27.49541689,34.43754306
424.1153564,21.49709868,12.12159231,20.9642502,11.11813354,31.95741754,22.58191117,31.42456906
435.380188,11.91667336,11.91667336,-120,11.41348267,22.4908552,22.4908552,-109.4258182
446.9442444,11.8919906,11.8919906,-120,11.71661377,22.58001174,22.58001174,-109.3119789
458.8154297,14.40852824,12.36889454,10.14622947,12.02780151,25.21039077,23.17075706,20.948092
471.0019226,14.68532385,10.75337801,12.43490965,12.34725952,25.60102961,21.66908378,23.35061541
483.512085,20.47409427,11.17429535,19.93126505,12.67523193,31.50365342,22.2038545,30.9608242
496.3545532,31.68840503,11.29752037,31.64853119,13.01190186,42.83181282,22.44092816,42.79193898
509.5381165,36.96174252,11.87656035,36.94825474,13.35748291,48.21898879,23.13380662,48.20550101
523.0718384,34.31435348,11.81642435,34.28985067,13.71228027,45.6854503,23.18752117,45.66094748
536.9650269,24.49083078,11.80939223,24.25004883,14.07647705,35.97577055,23.29433199,35.73498859
551.2272339,16.08735254,12.81160998,13.3272015,14.45037842,27.68614475,24.41040219,24.9259937
565.8682861,14.14302724,12.0234527,10.010901,14.83422852,25.85567689,23.73610235,21.72355065
580.8981323,12.24356799,11.5018409,4.202579717,15.22814941,24.07003928,23.3283122,16.02905101
596.3272705,15.43082403,14.53196,8.148237756,15.63269043,27.3711613,26.47229728,20.08857503
612.1661987,20.56275418,13.63291039,19.57856019,16.0479126,32.61693968,25.68709589,31.63274569
628.4257812,28.18408853,10.90839591,28.10199418,16.47406006,40.35209498,23.07640236,40.27000062
645.1172485,29.54925301,11.4412638,29.48158799,16.91174316,41.83113676,23.72314755,41.76347173
662.2520752,23.66970875,11.3542984,23.40710103,17.36090088,36.06543133,23.75002097,35.8028236
679.842041,14.52803083,11.08938723,11.90759403,17.82202148,27.03760046,23.59895686,24.41716366
697.8991699,13.43914121,12.43964796,6.568930288,18.29534912,26.06254823,25.06305497,19.1923373
716.4359131,14.04158431,12.72814232,8.207667644,18.78125,26.77882925,25.46538726,20.94491258
735.4649658,19.55919866,12.95970884,18.48681064,19.28015137,32.41030305,25.81081323,31.33791503
754.9995117,26.50510584,12.036855,26.34703981,19.79223633,39.47005452,25.00180368,39.31198849
775.0528564,27.45626226,11.92483155,27.33301161,20.31799316,40.53507035,25.00363965,40.41181971
795.638916,22.65205622,17.05219818,21.25284848,20.85760498,35.8447006,30.24484256,34.44549286
816.7716675,16.83604752,15.76601331,10.22814336,21.41156006,30.14253063,29.07249642,23.53462648
838.4657593,13.00658071,11.22505805,8.276297172,21.98034668,26.42692609,24.64540343,21.69664255
860.736084,19.24141751,11.77979526,18.3826991,22.56414795,32.77560689,25.31398464,31.91688849
883.5979004,25.3397948,11.85649105,25.14055418,23.16345215,38.98782765,25.5045239,38.78858703
907.0669556,25.49450262,12.76885883,25.2562272,23.77868652,39.25638123,26.53073745,39.01810582
931.1593628,19.62398248,12.6360845,18.65443172,24.41021729,33.49969894,26.51180096,32.53014817
955.8916626,13.63932884,11.73658682,9.138593176,25.05859375,27.62889579,25.72615377,23.12816013
981.2808838,17.95375326,13.05137508,16.25696725,25.72424316,32.05717933,27.15480114,30.36039331
1007.344482,23.79449611,13.9300094,23.3215998,26.4074707,38.01176417,28.14727747,37.53886786
1034.100342,24.31096391,11.90735748,24.05379488,27.10876465,38.64206118,26.23845475,38.38489215
1061.566772,19.3203901,12.69334827,18.25568775,27.82885742,33.76534386,27.13830203,32.70064151
1089.762817,15.41994109,13.10261355,11.58470715,28.56811523,29.97875698,27.66142944,26.14352304
1118.707764,20.05315824,11.82918226,19.34467531,29.32678223,34.72580239,26.5018264,34.01731945
1148.421509,23.51369992,11.93608315,23.20067428,30.10583496,38.30020668,26.72258991,37.98718104
1178.924561,21.64217172,14.99900894,20.58193753,30.90539551,36.54251478,29.899352,35.48228058
1210.237671,17.43659196,15.99943487,11.93501051,31.72631836,32.45078874,31.01363165,26.94920729
1242.382568,12.16581701,11.8165738,1.0458021,32.56896973,27.29385721,26.94461401,16.1738423
1275.381226,11.47967571,11.32521108,-3.086880129,33.43395996,26.72155389,26.56708926,12.15499805
1309.256226,10.82549624,10.71426204,-5.145462123,34.32202148,26.18122482,26.06999063,10.21026646
1344.031128,10.46482011,10.46482011,-120,35.23364258,25.93439555,25.93439555,-104.5304246
1379.729614,11.44609693,11.44609693,-120,36.16943359,27.02951401,27.02951401,-104.4165829
1416.376343,11.56265941,11.56265941,-120,37.13024902,27.25993803,27.25993803,-104.3027214
1453.99646,10.2441075,10.2441075,-120,38.11645508,26.05523253,26.05523253,-104.188875
1492.615723,10.00630888,10.00630888,-120,39.12878418,25.93127242,25.93127242,-104.0750365
1532.260742,9.270755391,9.270755391,-120,40.16809082,25.30956729,25.30956729,-103.9611881
1572.95874,10.75331536,10.75331536,-120,41.23498535,26.90597381,26.90597381,-103.8473416
1614.737793,11.71024154,11.71024154,-120,42.3302002,27.97674477,27.97674477,-103.7334968
1657.626465,9.498903344,9.498903344,-120,43.45446777,25.8792477,25.8792477,-103.6196556
1701.654297,9.241359282,9.241359282,-120,44.60876465,25.73556125,25.73556125,-103.505798
1746.851562,9.601108902,9.601108902,-120,45.7935791,26.20915478,26.20915478,-103.3919541
1793.249268,10.80866877,10.80866877,-120,47.00976562,27.53054963,27.53054963,-103.2781191
1840.879395,10.06977968,10.06977968,-120,48.25854492,26.90552191,26.90552191,-103.1642578
1889.774536,10.20586672,10.20586672,-120,49.5402832,27.15545157,27.15545157,-103.0504152
1939.968506,9.958834954,9.958834954,-120,50.8560791,27.02226369,27.02226369,-102.9365713
1991.495483,11.72063514,11.72063514,-120,52.20690918,28.89791497,28.89791497,-102.8227202
2044.391235,9.84675307,9.84675307,-120,53.59350586,27.13787475,27.13787475,-102.7088783
2098.691895,9.573472212,9.573472212,-120,55.01708984,26.97844836,26.97844836,-102.5950239
2154.43457,9.424439228,9.424439228,-120,56.47827148,26.9432532,26.9432532,-102.481186
2211.658203,9.252039585,9.252039585,-120,57.97851562,26.88471051,26.88471051,-102.3673291
2270.401611,8.218326396,8.218326396,-120,59.51831055,25.96483235,25.96483235,-102.253494
2330.705078,7.934547212,7.934547212,-120,61.09936523,25.7949142,25.7949142,-102.139633
2392.610596,9.020043882,9.020043882,-120,62.72216797,26.99425449,26.99425449,-102.0257894
2456.160156,7.282790506,7.282790506,-120,64.38793945,25.37083578,25.37083578,-101.9119547
2521.397705,7.092197504,7.092197504,-120,66.09814453,25.29409019,25.29409019,-101.7981073
2588.36792,7.392040368,7.392040368,-120,67.85375977,25.70777954,25.70777954,-101.6842608
2657.116943,6.541202082,6.541202082,-120,69.65625,24.97080298,24.97080298,-101.5703991
2727.692139,6.98914348,6.98914348,-120,71.50610352,25.53257461,25.53257461,-101.4565689
2800.141602,7.992244521,7.992244521,-120,73.40551758,26.64953157,26.64953157,-101.3427129
2874.515625,7.010221291,7.010221291,-120,75.35522461,25.78135498,25.78135498,-101.2288663
2950.86499,7.024429095,7.024429095,-120,77.35668945,25.90940785,25.90940785,-101.1150212
3029.242188,6.921355504,6.921355504,-120,79.41113281,25.92016942,25.92016942,-101.0011861
3109.701172,6.779084116,6.779084116,-120,81.52050781,25.89175288,25.89175288,-100.8873312
3192.297363,7.219749757,7.219749757,-120,83.68579102,26.44626701,26.44626701,-100.7734827
3277.087158,6.042195056,6.042195056,-120,85.90869141,25.38256609,25.38256609,-100.659629
3364.12915,5.241437201,5.241437201,-120,88.19042969,24.69565179,24.69565179,-100.5457854
3453.483154,4.939697362,4.939697362,-120,90.53271484,24.5077528,24.5077528,-100.4319446
3545.210205,5.568097636,5.568097636,-120,92.93725586,25.24999609,25.24999609,-100.3181015
3639.373779,5.81130894,5.81130894,-120,95.40600586,25.60706609,25.60706609,-100.2042429
3736.03833,6.886518448,6.886518448,-120,97.93994141,26.79611685,26.79611685,-100.0904016
3835.270508,6.629650416,6.629650416,-120,100.5412598,26.65309364,26.65309364,-99.97655677
3937.138184,5.822894019,5.822894019,-120,103.2116699,25.96018207,25.96018207,-99.86271195
4041.71167,4.813756431,4.813756431,-120,105.953125,25.06489414,25.06489414,-99.7488623
4149.0625,4.299323879,4.299323879,-120,108.767334,24.66430871,24.66430871,-99.63501516
4259.265137,4.001477019,4.001477019,-120,111.65625,24.4803074,24.4803074,-99.52116962
4372.394531,4.167897403,4.167897403,-120,114.6220703,24.76057989,24.76057989,-99.40731752
4488.528809,4.051393961,4.051393961,-120,117.6665039,24.75792246,24.75792246,-99.2934715
4607.747559,4.427092643,4.427092643,-120,120.7915039,25.24745653,25.24745653,-99.17963612
4730.132812,4.122652179,4.122652179,-120,124,25.05686903,25.05686903,-99.06578315
4855.768555,3.818970863,3.818970863,-120,127.293457,24.86703167,24.86703167,-98.95193919
4984.741699,3.554940355,3.554940355,-120,130.6748047,24.71685895,24.71685895,-98.8380814
5117.140625,3.298761966,3.298761966,-120,134.1455078,24.5745233,24.5745233,-98.72423866
5253.055664,3.353169777,3.353169777,-120,137.7084961,24.74277713,24.74277713,-98.61039265
5392.581055,4.127558281,4.127558281,-120,141.3657227,25.63099946,25.63099946,-98.49655882
5535.812012,3.848978898,3.848978898,-120,145.1210938,25.46628433,25.46628433,-98.38269457
5682.847656,4.166247711,4.166247711,-120,148.9750977,25.8973845,25.8973845,-98.26886321
5833.788086,3.702795173,3.702795173,-120,152.9321289,25.54778252,25.54778252,-98.15501266
5988.738281,3.260381612,3.260381612,-120,156.9946289,25.21922956,25.21922956,-98.04115205
6147.803711,3.142593925,3.142593925,-120,161.1640625,25.21527599,25.21527599,-97.92731794
6311.094238,3.369981157,3.369981157,-120,165.4448242,25.55651301,25.55651301,-97.81346815
6478.72168,3.180384828,3.180384828,-120,169.8388672,25.48075567,25.48075567,-97.69962916
6650.801758,2.881969566,2.881969566,-120,174.3505859,25.29620368,25.29620368,-97.58576589
6827.452148,2.761609857,2.761609857,-120,178.980957,25.28967812,25.28967812,-97.47193174
7008.794434,2.442919265,2.442919265,-120,183.7348633,25.08483497,25.08483497,-97.35808429
7194.953613,2.685460671,2.685460671,-120,188.6152344,25.44122835,25.44122835,-97.24423232
7386.057129,2.765857463,2.765857463,-120,193.6245117,25.63546082,25.63546082,-97.13039664
7582.236816,3.090800597,3.090800597,-120,198.7680664,26.07426673,26.07426673,-97.01653387
7783.626465,2.210865945,2.210865945,-120,204.046875,25.30816542,25.30816542,-96.90270052
7990.365723,1.736479597,1.736479597,-120,209.4663086,24.94762139,24.94762139,-96.78885821
8202.595703,1.519733568,1.519733568,-120,215.0302734,24.84472964,24.84472964,-96.67500393
8420.463867,1.510676241,1.510676241,-120,220.7421875,24.94952966,24.94952966,-96.56114658
8644.117188,1.059107665,1.059107665,-120,226.6044922,24.61179282,24.61179282,-96.44731485
8873.711914,0.3489007271,0.3489007271,-120,232.6240234,24.01544636,24.01544636,-96.33345437
9109.404297,0.3299604384,0.3299604384,-120,238.8017578,24.11033563,24.11033563,-96.21962481
9351.357422,0.3940492421,0.3940492421,-120,245.1455078,24.28828864,24.28828864,-96.10576061
9599.737305,-0.1725501754,-0.1725501754,-120,251.65625,23.83552703,23.83552703,-95.99192279
9854.712891,-0.1690045321,-0.1690045321,-120,258.3398438,23.95290939,23.95290939,-95.87808607
10116.46191,0.1013895001,0.1013895001,-120,265.2021484,24.33715988,24.33715988,-95.76422962
10385.16309,0.8748100066,0.8748100066,-120,272.2460938,25.22442658,25.22442658,-95.65038343
10661.00098,-0.04020169009,-0.04020169009,-120,279.4775391,24.42326741,24.42326741,-95.5365309
10944.16602,0.1507568296,0.1507568296,-120,286.9013672,24.72808301,24.72808301,-95.42267382
11234.85156,-0.09246718594,-0.09246718594,-120,294.5205078,24.59868822,24.59868822,-95.30884459
11533.25781,-0.5095894154,-0.5095894154,-120,302.3427734,24.29540651,24.29540651,-95.19500407
11839.58984,-0.9910046574,-0.9910046574,-120,310.3740234,23.927849,23.927849,-95.08114634
12154.05859,-0.8001178851,-0.8001178851,-120,318.6171875,24.23257411,24.23257411,-94.967308
12476.87988,-1.555104027,-1.555104027,-120,327.0810547,23.59144987,23.59144987,-94.85344611
12808.27539,-0.8489971609,-0.8489971609,-120,335.7675781,24.41139042,24.41139042,-94.73961242
13148.47363,-0.7719084124,-0.7719084124,-120,344.6865234,24.60233462,24.60233462,-94.62575696
13497.70703,-1.524021732,-1.524021732,-120,353.8408203,23.9640576,23.9640576,-94.51192067
13856.2168,-1.564162164,-1.564162164,-120,363.2392578,24.03776563,24.03776563,-94.3980722
14224.24805,-1.90294787,-1.90294787,-120,372.8876953,23.81283266,23.81283266,-94.28421947
14602.05566,-0.1342051045,-0.1342051045,-120,382.7919922,25.69542334,25.69542334,-94.17037156
14989.89746,0.4069231354,0.4069231354,-120,392.9589844,26.35039536,26.35039536,-94.05652777
15388.04102,-0.1673742736,-0.1673742736,-120,403.3955078,25.8899363,25.8899363,-93.94268942
15796.75879,-0.4524865209,-0.4524865209,-120,414.1103516,25.71867435,25.71867435,-93.82883913
16216.33301,-0.9698793347,-0.9698793347,-120,425.1103516,25.31513747,25.31513747,-93.7149832
16647.05078,-1.369777114,-1.369777114,-120,436.4003906,25.02907419,25.02907419,-93.60114869
17089.21094,-1.776983214,-1.776983214,-120,447.9921875,24.73572119,24.73572119,-93.4872956
17543.11328,-2.268914891,-2.268914891,-120,459.8925781,24.35764912,24.35764912,-93.37343599
18009.07227,-2.328961207,-2.328961207,-120,472.1054688,24.41142911,24.41142911,-93.25960969
18487.40625,-2.741415037,-2.741415037,-120,484.6464844,24.11283563,24.11283563,-93.14574933
18978.44727,-2.902679308,-2.902679308,-120,497.5175781,24.06540499,24.06540499,-93.0319157
19482.5293,-2.188644851,-2.188644851,-120,510.7324219,24.89328943,24.89328943,-92.91806572
20000,-18.08016298,-18.08016298,-120,524.2988281,9.115625889,9.115625889,-92.80421113
